CHROM,POS,ID,REF,ALT,QUAL,FILTER,INFO,FORMAT,E1,E2,E3,E4,E5,A1,A2,A3,A4,A5
22,16050115,rs587755077,G,A,100,PASS,AC=32;AF=0.00638978;AN=5008;NS=2504;DP=11468;EAS_AF=0;AMR_AF=0.0014;AFR_AF=0.0234;EUR_AF=0;SAS_AF=0;AA=.|||;VT=SNP,GT,0|0,0|0,0|0,0|0,0|0,1|0,0|1,1|1,0|0,0|0
22,16050213,rs587654921,C,T,100,PASS,AC=38;AF=0.00758786;AN=5008;NS=2504;DP=15092;EAS_AF=0;AMR_AF=0.0014;AFR_AF=0.0272;EUR_AF=0.001;SAS_AF=0;AA=.|||;VT=SNP,GT,0|0,0|0,0|0,0|0,0|0,0|1,0|0,0|0,0|1,0|0
22,16050783,rs587743568,A,G,100,PASS,AC=39;AF=0.00778754;AN=5008;NS=2504;DP=24717;EAS_AF=0;AMR_AF=0.0014;AFR_AF=0.0287;EUR_AF=0;SAS_AF=0;AA=.|||;VT=SNP,GT,0|0,0|0,0|0,0|0,0|0,0|0,0|0,0|0,0|0,1|0
22,16050840,rs587616822,C,G,100,PASS,AC=26;AF=0.00519169;AN=5008;NS=2504;DP=23832;EAS_AF=0;AMR_AF=0.0058;AFR_AF=0;EUR_AF=0.0209;SAS_AF=0.001;AA=.|||;VT=SNP,GT,0|0,0|0,0|1,0|1,0|0,0|1,1|1,1|0,0|0,0|0
22,16050958,rs587636807,A,T,100,PASS,AC=1;AF=0.000199681;AN=5008;NS=2504;DP=22326;EAS_AF=0;AMR_AF=0;AFR_AF=0;EUR_AF=0.001;SAS_AF=0;AA=.|||;VT=SNP,GT,0|1,0|0,0|0,0|0,0|0,0|0,1|0,0|0,1|0,0|0
22,16050984,rs188945759,C,G,100,PASS,AC=20;AF=0.00399361;AN=5008;NS=2504;DP=22013;EAS_AF=0;AMR_AF=0;AFR_AF=0.0151;EUR_AF=0;SAS_AF=0;AA=.|||;VT=SNP,GT,0|0,1|0,0|0,0|0,0|0,0|1,0|0,0|0,0|0,0|0
22,16051249,rs62224609,T,C,100,PASS,AC=563;AF=0.11242;AN=5008;NS=2504;DP=24401;EAS_AF=0.0893;AMR_AF=0.1455;AFR_AF=0.0038;EUR_AF=0.0934;SAS_AF=0.2791;AA=.|||;VT=SNP,GT,0|0,0|0,1|0,0|0,0|0,1|0,0|1,0|0,0|0,0|0
22,16051477,rs192339082,C,A,100,PASS,AC=3;AF=0.000599042;AN=5008;NS=2504;DP=22969;EAS_AF=0;AMR_AF=0;AFR_AF=0;EUR_AF=0.003;SAS_AF=0;AA=.|||;VT=SNP,GT,1|1,0|1,1|0,0|1,1|0,0|0,0|0,0|0,0|0,0|0
22,16051796,rs587772527,A,G,100,PASS,AC=1;AF=0.000199681;AN=5008;NS=2504;DP=24785;EAS_AF=0;AMR_AF=0;AFR_AF=0;EUR_AF=0.001;SAS_AF=0;AA=.|||;VT=SNP,GT,0|1,1|0,1|0,0|0,0|0,0|0,0|1,1|0,0|1,1|1
22,16052080,rs4965031,G,A,100,PASS,AC=707;AF=0.141174;AN=5008;NS=2504;DP=22627;EAS_AF=0.251;AMR_AF=0.2277;AFR_AF=0.0522;EUR_AF=0.1193;SAS_AF=0.1094;AA=.|||;VT=SNP,GT,0|0,0|0,0|0,1|1,0|0,0|0,0|1,1|0,0|0,1|1